dataset,model,ablation,seed,macro_f1,mcc,balanced_accuracy,macro_pr_auc,brier_score,ece,latency_ms_per_sample,model_only_latency_ms_per_sample,end_to_end_latency_ms_per_sample,latency_repeats,latency_batch_size,probability_calibration_size,conformal_calibration_size,conformal_coverage,average_set_size,singleton_rate,benign_coverage,benign_average_set_size,benign_singleton_rate,attack_coverage,attack_average_set_size,attack_singleton_rate
cic_iot_diad_2024,logistic_regression,full,11,0.9197447828393366,0.842924832948941,0.919901091723087,0.9631242604829183,0.12998467865424865,0.002874628942974312,0.007430626822996044,0.00015810577610998692,0.007430626822996044,3,79980,31993,31992,0.9966741685421355,1.635096274068517,0.36490372593148285,0.9933470061527687,1.9933470061527687,0.006652993847231254,1.0,1.2769888494424722,0.7230111505575278
cic_iot_diad_2024,logistic_regression,risk_aware_full_b0.01_a0.001,11,0.9197447828393366,0.842924832948941,0.919901091723087,0.9631242604829183,0.12998467865424865,0.002874628942974312,0.007663098691648337,0.00015506126508868178,0.007663098691648337,3,79980,31993,31992,0.9966741685421355,1.635096274068517,0.36490372593148285,0.9933470061527687,1.9933470061527687,0.006652993847231254,1.0,1.2769888494424722,0.7230111505575278
cic_iot_diad_2024,logistic_regression,platt_full,11,0.9187870187254051,0.8388446090502715,0.9188474624321482,0.9687993128123762,0.13361279143548835,0.0194639860013449,0.007073727181816166,0.00017755105466580874,0.007073727181816166,3,79980,31993,31992,0.9885846461615404,1.4991247811952988,0.5008752188047012,0.9896453404031814,1.7490870891901356,0.25091291080986444,0.987524376218811,1.2492624631231561,0.7507375368768439
cic_iot_diad_2024,logistic_regression,risk_aware_platt_full_b0.01_a0.001,11,0.9187870187254051,0.8388446090502715,0.9188474624321482,0.9687993128123762,0.13361279143548835,0.0194639860013449,0.007873089522007824,0.00020967658564980586,0.007873089522007824,3,79980,31993,31992,0.9939859964991248,1.5932983245811452,0.4067016754188547,0.9896453404031814,1.9266670001500674,0.07333299984993247,0.9983249162458123,1.2600630031501574,0.7399369968498425
cic_iot_diad_2024,random_forest,full,11,0.9791021640859541,0.9586961047094272,0.9791104450675487,0.9928913215640802,0.03556081228995652,0.0013984289147349822,0.014934428606596568,0.007198486705018367,0.014934428606596568,3,79980,31993,31992,0.9953863465866467,1.5118529632408102,0.4881470367591898,0.9907708468810965,1.9907708468810965,0.009229153118903507,1.0,1.0331266563328168,0.9668733436671834
cic_iot_diad_2024,random_forest,risk_aware_full_b0.01_a0.001,11,0.9791021640859541,0.9586961047094272,0.9791104450675487,0.9928913215640802,0.03556081228995652,0.0013984289147349822,0.013538204134131626,0.00655172042994794,0.013538204134131626,3,79980,31993,31992,0.9953863465866467,1.5118529632408102,0.4881470367591898,0.9907708468810965,1.9907708468810965,0.009229153118903507,1.0,1.0331266563328168,0.9668733436671834
cic_iot_diad_2024,random_forest,platt_full,11,0.9787255804165806,0.9580731210463543,0.978735746476684,0.9944239984732068,0.03709514637881677,0.007116977711573545,0.013189519463324974,0.00640198591301795,0.013189519463324974,3,79980,31993,31992,0.9894598649662416,1.1225806451612903,0.8774193548387097,0.9905457455855134,1.2238257215747086,0.7761742784252914,0.988374418720936,1.0213760688034401,0.9786239311965599
cic_iot_diad_2024,random_forest,risk_aware_platt_full_b0.01_a0.001,11,0.9787255804165806,0.9580731210463543,0.978735746476684,0.9944239988955513,0.03709514637881677,0.007116977711573545,0.013595747269955218,0.006265358423185067,0.013595747269955218,3,79980,31993,31992,0.9952738184546136,1.51167791947987,0.48832208052013004,0.9905457455855134,1.9905457455855136,0.009454254414486519,1.0,1.033001650082504,0.9669983499174959
cic_iot_diad_2024,xgboost,full,11,0.97596484974689,0.9522766287012627,0.9759716576194475,0.9914320455061694,0.04024276576957606,0.0018628631208710581,0.010274448195452021,0.0010768246226675042,0.010274448195452021,3,79980,31993,31992,0.9946486621655414,1.5132283070767691,0.4867716929232308,0.9892951828322746,1.9892951828322745,0.010704817167725476,1.0,1.0373518675933797,0.9626481324066203
cic_iot_diad_2024,xgboost,risk_aware_full_b0.01_a0.001,11,0.97596484974689,0.9522766287012627,0.9759716576194475,0.9914320455061694,0.04024276576957606,0.0018628631208710581,0.008586471201153297,0.0011115153793868453,0.008586471201153297,3,79980,31993,31992,0.9946486621655414,1.5132283070767691,0.4867716929232308,0.9892951828322746,1.9892951828322745,0.010704817167725476,1.0,1.0373518675933797,0.9626481324066203
cic_iot_diad_2024,xgboost,platt_full,11,0.9764259505395257,0.9533330804094508,0.9764347460282323,0.9938758317157003,0.0397604687301963,0.0017241626269188979,0.008558758439666478,0.0009981924646024077,0.008558758439666478,3,79980,31993,31992,0.9889597399349838,1.1627281820455113,0.8372718179544886,0.9887699464759142,1.2992346555950178,0.7007653444049823,0.9891494574728736,1.0262763138156907,0.9737236861843093
cic_iot_diad_2024,xgboost,risk_aware_platt_full_b0.01_a0.001,11,0.9764259505395257,0.9533330804094508,0.9764347460282323,0.9938758317157003,0.0397604687301963,0.0017241626269188979,0.008510132116350443,0.0010282758188364,0.008510132116350443,3,79980,31993,31992,0.9938609652413103,1.418554638659665,0.5814453613403351,0.9887699464759142,1.8011855334900706,0.19881446650992946,0.9989499474973749,1.036076803840192,0.963923196159808
cic_iot_diad_2024,mlp,full,11,0.9638377022839041,0.9292072671725782,0.96387159786182,0.9860640537217513,0.06185009702158567,0.0014674142632523988,0.007488282904097362,0.0003405067933223551,0.007488282904097362,3,79980,31993,31992,0.9960115028757189,1.5280570142535634,0.4719429857464366,0.9920214096343355,1.9920214096343354,0.00797859036566455,1.0,1.0642782139106954,0.9357217860893045
cic_iot_diad_2024,mlp,risk_aware_full_b0.01_a0.001,11,0.9638377022839041,0.9292072671725782,0.96387159786182,0.9860640537217513,0.06185009702158567,0.0014674142632523988,0.007460887721997673,0.00033967033463095595,0.007460887721997673,3,79980,31993,31992,0.9960115028757189,1.5280570142535634,0.4719429857464366,0.9920214096343355,1.9920214096343354,0.00797859036566455,1.0,1.0642782139106954,0.9357217860893045
cic_iot_diad_2024,mlp,platt_full,11,0.9636794945183238,0.9286513207309542,0.9637085994913022,0.987386019242359,0.06220696008651842,0.005110745524940806,0.007485455947665665,0.0003927298488865955,0.007485455947665665,3,79980,31993,31992,0.9888222055513879,1.3062640660165041,0.6937359339834959,0.989695362913311,1.5625031264068832,0.4374968735931169,0.9879493974698735,1.0501275063753188,0.9498724936246812
cic_iot_diad_2024,mlp,risk_aware_platt_full_b0.01_a0.001,11,0.9636794945183238,0.9286513207309542,0.9637085994913022,0.987386019242359,0.06220696008651842,0.005110745524940806,0.007497988664512126,0.0003729269816068582,0.007497988664512126,3,79980,31993,31992,0.9942110527631908,1.4979619904976245,0.5020380095023756,0.989695362913311,1.9351958381271572,0.06480416187284278,0.9987249362468124,1.0609030451522576,0.9390969548477424
cic_iot_diad_2024,logistic_regression,full,23,0.9197447828393366,0.842924832948941,0.919901091723087,0.9631242604829183,0.12998749352402705,0.0027363882715376008,0.007310613903350619,0.00017735058781154862,0.007310613903350619,3,79980,31993,31992,0.9966741685421355,1.635096274068517,0.36490372593148285,0.9933470061527687,1.9933470061527687,0.006652993847231254,1.0,1.2769888494424722,0.7230111505575278
cic_iot_diad_2024,logistic_regression,risk_aware_full_b0.01_a0.001,23,0.9197447828393366,0.842924832948941,0.919901091723087,0.9631242604829183,0.12998749352402705,0.0027363882715376008,0.007256568725299809,0.00016946403343549388,0.007256568725299809,3,79980,31993,31992,0.9966741685421355,1.635096274068517,0.36490372593148285,0.9933470061527687,1.9933470061527687,0.006652993847231254,1.0,1.2769888494424722,0.7230111505575278
cic_iot_diad_2024,logistic_regression,platt_full,23,0.9187744540980933,0.8388206745979175,0.918834961807117,0.9687993128123762,0.1336032776585804,0.019153909204632356,0.007448142035561149,0.00015746853395074922,0.007448142035561149,3,79980,31993,31992,0.9892723180795199,1.5020880220055013,0.4979119779944986,0.9899454754639588,1.7522385073282978,0.24776149267170228,0.9885994299714985,1.252037601880094,0.747962398119906
cic_iot_diad_2024,logistic_regression,risk_aware_platt_full_b0.01_a0.001,23,0.9187744540980933,0.8388206745979175,0.918834961807117,0.9687993128123762,0.1336032776585804,0.019153909204632356,0.007697745686609041,0.00015536008964433138,0.007697745686609041,3,79980,31993,31992,0.9942860715178795,1.59887471867967,0.4011252813203301,0.9899454754639588,1.9358211195037767,0.0641788804962233,0.9986249312465624,1.2620631031551577,0.7379368968448422
cic_iot_diad_2024,random_forest,full,23,0.9789646042721882,0.9584201395277817,0.9789729081771982,0.992662409929793,0.03568732571176509,0.0018021822982181145,0.01415248603868686,0.006817919896836994,0.01415248603868686,3,79980,31993,31992,0.9954863715928982,1.5121155288822206,0.48788447111777944,0.9909709369216148,1.9909709369216146,0.009029063078385273,1.0,1.0334516725836291,0.9665483274163709
cic_iot_diad_2024,random_forest,risk_aware_full_b0.01_a0.001,23,0.9789646042721882,0.9584201395277817,0.9789729081771982,0.992662409929793,0.03568732571176509,0.0018021822982181145,0.013931646244988563,0.005853277486188896,0.013931646244988563,3,79980,31993,31992,0.9954863715928982,1.5121155288822206,0.48788447111777944,0.9909709369216148,1.9909709369216146,0.009029063078385273,1.0,1.0334516725836291,0.9665483274163709
cic_iot_diad_2024,random_forest,platt_full,23,0.9784376795926064,0.9575191659118001,0.9784482371034664,0.9943144602862972,0.037450531449212295,0.0078075202359302025,0.014219392764899776,0.006668535467183514,0.014219392764899776,3,79980,31993,31992,0.9892223055763941,1.1222180545136284,0.8777819454863716,0.9903456555449952,1.2233004852183482,0.7766995147816518,0.9880994049702485,1.0211760588029402,0.9788239411970598
cic_iot_diad_2024,random_forest,risk_aware_platt_full_b0.01_a0.001,23,0.9784376795926064,0.9575191659118001,0.9784482371034664,0.9943144611728558,0.037450531449212295,0.007807520235930197,0.013599490705692628,0.006190976910488729,0.013599490705692628,3,79980,31993,31992,0.9951737934483621,1.5116154038509628,0.4883845961490373,0.9903456555449952,1.9903456555449952,0.009654344455004751,1.0,1.0330766538326916,0.9669233461673084
cic_iot_diad_2024,xgboost,full,23,0.9770256789067772,0.9545816189288209,0.9770350511672949,0.9912228628705703,0.039907852412068665,0.0007943987666747157,0.008538178294637641,0.001092920313550693,0.008538178294637641,3,79980,31993,31992,0.9967491872968242,1.5163665916479119,0.483633408352088,0.9934970736831574,1.9934970736831574,0.006502926316842579,1.0,1.0394269713485673,0.9605730286514326
cic_iot_diad_2024,xgboost,risk_aware_full_b0.01_a0.001,23,0.9770256789067772,0.9545816189288209,0.9770350511672949,0.9912228628705703,0.039907852412068665,0.0007943987666747157,0.00798313244941275,0.0010944123534291467,0.00798313244941275,3,79980,31993,31992,0.9967491872968242,1.5163665916479119,0.483633408352088,0.9934970736831574,1.9934970736831574,0.006502926316842579,1.0,1.0394269713485673,0.9605730286514326
cic_iot_diad_2024,xgboost,platt_full,23,0.9766263169836651,0.9537111620127119,0.9766347210112244,0.9938217983837978,0.03955261201169104,0.0014361802596982772,0.008395816037293799,0.0010301787950001632,0.008395816037293799,3,79980,31993,31992,0.9893848462115529,1.1520380095023757,0.8479619904976244,0.9899954979740884,1.278150167575409,0.7218498324245911,0.988774438721936,1.0259762988149408,0.9740237011850592
cic_iot_diad_2024,xgboost,risk_aware_platt_full_b0.01_a0.001,23,0.9766263169836651,0.9537111620127119,0.9766347210112244,0.9938217983837978,0.03955261201169104,0.0014361802596982772,0.008286807118501488,0.0011346874217483909,0.008286807118501488,3,79980,31993,31992,0.9942985746436609,1.3997499374843712,0.600250062515629,0.9899954979740884,1.7638437296783553,0.23615627032164474,0.9985999299964998,1.0358017900895045,0.9641982099104955
cic_iot_diad_2024,mlp,full,23,0.9621356283441922,0.925816790546726,0.9621712027024991,0.9838175551087689,0.064390763630476,0.0024760201570006753,0.007381772526224763,0.00035970534262108194,0.007381772526224763,3,79980,31993,31992,0.9952363090772693,1.5282070517629407,0.47179294823705925,0.9904707118203191,1.990470711820319,0.009529288179680856,1.0,1.0661283064153209,0.9338716935846793
cic_iot_diad_2024,mlp,risk_aware_full_b0.01_a0.001,23,0.9621356283441922,0.925816790546726,0.9621712027024991,0.9838175551087689,0.064390763630476,0.0024760201570006753,0.007473653413102589,0.00036096315743379756,0.007473653413102589,3,79980,31993,31992,0.9952363090772693,1.5282070517629407,0.47179294823705925,0.9904707118203191,1.990470711820319,0.009529288179680856,1.0,1.0661283064153209,0.9338716935846793
cic_iot_diad_2024,mlp,platt_full,23,0.9615160793687196,0.9242684473622743,0.9615454510907728,0.9869523876199532,0.06440332089470636,0.005099677003032922,0.007485448028473855,0.0003538147035625673,0.007485448028473855,3,79980,31993,31992,0.989697424356089,1.3236809202300575,0.6763190797699424,0.990145565504477,1.592516632484618,0.40748336751538194,0.9892494624731236,1.054952747637382,0.9450472523626181
cic_iot_diad_2024,mlp,risk_aware_platt_full_b0.01_a0.001,23,0.9615160793687196,0.9242684473622743,0.9615454510907728,0.9869523876199532,0.06440332089470636,0.005099677003032922,0.007498982661847213,0.0003744665332398753,0.007498982661847213,3,79980,31993,31992,0.9944736184046011,1.498124531132783,0.5018754688672168,0.990145565504477,1.9319193637136711,0.06808063628632885,0.9987999399969999,1.064503225161258,0.9354967748387419
cic_iot_diad_2024,logistic_regression,full,37,0.9197447828393366,0.842924832948941,0.919901091723087,0.9631242604829183,0.12996725826426006,0.002299354101368712,0.007270489705290537,0.00016496874219461974,0.007270489705290537,3,79980,31993,31992,0.9966741685421355,1.635096274068517,0.36490372593148285,0.9933470061527687,1.9933470061527687,0.006652993847231254,1.0,1.2769888494424722,0.7230111505575278
cic_iot_diad_2024,logistic_regression,risk_aware_full_b0.01_a0.001,37,0.9197447828393366,0.842924832948941,0.919901091723087,0.9631242604829183,0.12996725826426006,0.002299354101368712,0.007275885221649841,0.00014788738848663097,0.007275885221649841,3,79980,31993,31992,0.9966741685421355,1.635096274068517,0.36490372593148285,0.9933470061527687,1.9933470061527687,0.006652993847231254,1.0,1.2769888494424722,0.7230111505575278
cic_iot_diad_2024,logistic_regression,platt_full,37,0.9187991589423896,0.8388774040582805,0.918859983067184,0.9687993128123762,0.13358112527269056,0.01872644018370593,0.009178875552819037,0.00015526173242812698,0.009178875552819037,3,79980,31993,31992,0.9882595648912228,1.4977494373593399,0.5022505626406601,0.9893201940873393,1.74801160522235,0.25198839477764995,0.9871993599679983,1.2475873793689685,0.7524126206310315
cic_iot_diad_2024,logistic_regression,risk_aware_platt_full_b0.01_a0.001,37,0.9187991589423896,0.8388774040582805,0.918859983067184,0.9687993128123762,0.13358112527269056,0.01872644018370593,0.007510449695739747,0.00014953738426799114,0.007510449695739747,3,79980,31993,31992,0.9937234308577144,1.5912353088272069,0.4087646911727932,0.9893201940873393,1.9240908408783952,0.07590915912160472,0.9981249062453122,1.2585129256462824,0.7414870743537176
cic_iot_diad_2024,random_forest,full,37,0.97891454652658,0.9583231082346961,0.9789229056770732,0.9928110308731593,0.035682170060090196,0.0017217678134122463,0.01428787363499044,0.006832085521244282,0.01428787363499044,3,79980,31993,31992,0.9953488372093023,1.51176544136034,0.4882345586396599,0.9906958131159022,1.990695813115902,0.009304186884097844,1.0,1.0330266513325665,0.9669733486674333
cic_iot_diad_2024,random_forest,risk_aware_full_b0.01_a0.001,37,0.97891454652658,0.9583231082346961,0.9789229056770732,0.9928110308731593,0.035682170060090196,0.0017217678134122463,0.013121218221386927,0.006581652913437584,0.013121218221386927,3,79980,31993,31992,0.9953488372093023,1.51176544136034,0.4882345586396599,0.9906958131159022,1.990695813115902,0.009304186884097844,1.0,1.0330266513325665,0.9669733486674333
cic_iot_diad_2024,random_forest,platt_full,37,0.9787009547317431,0.9579877003511852,0.9787106351715964,0.994355856470994,0.03705148133079593,0.0069052521013125735,0.013585766025301017,0.006241135283990374,0.013585766025301017,3,79980,31993,31992,0.989472368092023,1.1420730182545635,0.8579269817454364,0.9900455204842179,1.262743234455505,0.737256765544495,0.9888994449722486,1.0214510725536277,0.9785489274463723
cic_iot_diad_2024,random_forest,risk_aware_platt_full_b0.01_a0.001,37,0.9787009547317431,0.9579877003511852,0.9787106351715964,0.994355856470994,0.03705148133079592,0.006905252101312572,0.013491462865210756,0.005640961073707416,0.013491462865210756,3,79980,31993,31992,0.9950237559389847,1.511202800700175,0.48879719929982496,0.9900455204842179,1.9900455204842178,0.009954479515782102,1.0,1.032551627581379,0.9674483724186209
cic_iot_diad_2024,xgboost,full,37,0.9758757368993685,0.9522277912832526,0.9758845934643288,0.9909897813157184,0.04048642366343877,0.0014352267235329635,0.008658408768872675,0.0011352763190901848,0.008658408768872675,3,79980,31993,31992,0.9943985996499125,1.5128407101775443,0.4871592898224556,0.9887949577309789,1.988794957730979,0.011205042269021059,1.0,1.0370768538426922,0.9629231461573079
cic_iot_diad_2024,xgboost,risk_aware_full_b0.01_a0.001,37,0.9758757368993685,0.9522277912832526,0.9758845934643288,0.9909897813157184,0.04048642366343877,0.0014352267235329635,0.008032163040629568,0.00107091814619574,0.008032163040629568,3,79980,31993,31992,0.9943985996499125,1.5128407101775443,0.4871592898224556,0.9887949577309789,1.988794957730979,0.011205042269021059,1.0,1.0370768538426922,0.9629231461573079
cic_iot_diad_2024,xgboost,platt_full,37,0.9765006172064008,0.9535136386606516,0.976509864835946,0.9938457536321004,0.03985573279803575,0.0012519161479860547,0.00870300658495355,0.001189953738497023,0.00870300658495355,3,79980,31993,31992,0.9889722430607651,1.1565766441610403,0.8434233558389598,0.9887949577309789,1.286979140613276,0.713020859386724,0.9891494574728736,1.0262263113155659,0.9737736886844343
cic_iot_diad_2024,xgboost,risk_aware_platt_full_b0.01_a0.001,37,0.9765006172064008,0.9535136386606516,0.976509864835946,0.9938457536321004,0.03985573279803575,0.0012519161479860547,0.008553836375697416,0.0012270667669732449,0.008553836375697416,3,79980,31993,31992,0.9938859714928732,1.4163790947736934,0.5836209052263066,0.9887949577309789,1.7968585863638638,0.20314141363613625,0.9989749487474374,1.0360518025901295,0.9639481974098705
cic_iot_diad_2024,mlp,full,37,0.9646791162832615,0.9307230312096558,0.9647089896638796,0.9849137263826505,0.0600080619715864,0.001684713091450437,0.007852977410821615,0.0003494577813006095,0.007852977410821615,3,79980,31993,31992,0.9956364091022756,1.5264691172793199,0.47353088272068017,0.9912710719823921,1.991271071982392,0.008728928017607924,1.0,1.0618530926546328,0.9381469073453673
cic_iot_diad_2024,mlp,risk_aware_full_b0.01_a0.001,37,0.9646791162832615,0.9307230312096558,0.9647089896638796,0.9849137263826505,0.0600080619715864,0.001684713091450437,0.007703168708598959,0.0003683324996017139,0.007703168708598959,3,79980,31993,31992,0.9956364091022756,1.5264691172793199,0.47353088272068017,0.9912710719823921,1.991271071982392,0.008728928017607924,1.0,1.0618530926546328,0.9381469073453673
cic_iot_diad_2024,mlp,platt_full,37,0.9644585409042276,0.9300270918576384,0.9644834131306885,0.988202550765417,0.05986011244810558,0.00447593631115741,0.007704969158835819,0.0003493173289367139,0.007704969158835819,3,79980,31993,31992,0.9885096274068517,1.2932108027006752,0.7067891972993249,0.988569856435396,1.5384422990345656,0.46155770096543447,0.9884494224711236,1.0480774038701934,0.9519225961298065
cic_iot_diad_2024,mlp,risk_aware_platt_full_b0.01_a0.001,37,0.9644585409042276,0.9300270918576384,0.9644834131306885,0.988202550765417,0.05986011244810558,0.00447593631115741,0.007532821539235938,0.00034382970745688385,0.007532821539235938,3,79980,31993,31992,0.99368592148037,1.4848212053013254,0.5151787946986747,0.988569856435396,1.9113851233054875,0.08861487669451253,0.9987999399969999,1.05842792139607,0.9415720786039302
cic_iot_diad_2024,logistic_regression,full,53,0.9197447828393366,0.842924832948941,0.919901091723087,0.9631242604829183,0.13007098953203794,0.004415003911559969,0.007694905809697139,0.0001616262396805456,0.007694905809697139,3,79980,31993,31992,0.9966741685421355,1.635096274068517,0.36490372593148285,0.9933470061527687,1.9933470061527687,0.006652993847231254,1.0,1.2769888494424722,0.7230111505575278
cic_iot_diad_2024,logistic_regression,risk_aware_full_b0.01_a0.001,53,0.9197447828393366,0.842924832948941,0.919901091723087,0.9631242604829183,0.13007098953203794,0.004415003911559969,0.007686697507708441,0.00017415728943087543,0.007686697507708441,3,79980,31993,31992,0.9966741685421355,1.635096274068517,0.36490372593148285,0.9933470061527687,1.9933470061527687,0.006652993847231254,1.0,1.2769888494424722,0.7230111505575278
cic_iot_diad_2024,logistic_regression,platt_full,53,0.918452091959248,0.8381085398986728,0.9185097404537577,0.9687993128123762,0.13360759243289538,0.02058586952645607,0.007530102942112051,0.00015955072100791044,0.007530102942112051,3,79980,31993,31992,0.9892223055763941,1.5022880720180045,0.4977119279819955,0.9906457906057726,1.7506377870041518,0.24936221299584813,0.9877993899694985,1.2540377018850943,0.7459622981149058
cic_iot_diad_2024,logistic_regression,risk_aware_platt_full_b0.01_a0.001,53,0.918452091959248,0.8381085398986728,0.9185097404537577,0.9687993128123762,0.13360759243289538,0.02058586952645607,0.007515733100369391,0.00015664666186531573,0.007515733100369391,3,79980,31993,31992,0.9947111777944486,1.6022880720180046,0.3977119279819955,0.9906457906057726,1.9396978640388174,0.06030213596118253,0.9987749387469373,1.2650132506625331,0.7349867493374669
cic_iot_diad_2024,random_forest,full,53,0.9790771844051043,0.9586430303532526,0.9790854288099828,0.9928707844048875,0.03559679659112454,0.001436840561954165,0.013347466033209956,0.00628256855861366,0.013347466033209956,3,79980,31993,31992,0.9952863215803951,1.5117279319829957,0.48827206801700423,0.9905707568405783,1.9905707568405782,0.00942924315942174,1.0,1.0330766538326916,0.9669233461673084
cic_iot_diad_2024,random_forest,risk_aware_full_b0.01_a0.001,53,0.9790771844051043,0.9586430303532526,0.9790854288099828,0.9928707844048875,0.03559679659112454,0.001436840561954165,0.013634311911228707,0.006142888638567661,0.013634311911228707,3,79980,31993,31992,0.9952863215803951,1.5117279319829957,0.48827206801700423,0.9905707568405783,1.9905707568405782,0.00942924315942174,1.0,1.0330766538326916,0.9669233461673084
cic_iot_diad_2024,random_forest,platt_full,53,0.9784380421986663,0.9574865584496084,0.9784481420559448,0.9943797154169006,0.03712369458801748,0.006938686808845433,0.013050364257419705,0.0060371626240879085,0.013050364257419705,3,79980,31993,31992,0.9895098774693674,1.140535133783446,0.8594648662165542,0.9898954529538292,1.2595417938072133,0.7404582061927868,0.9891244562228111,1.0215760788039403,0.9784239211960598
cic_iot_diad_2024,random_forest,risk_aware_platt_full_b0.01_a0.001,53,0.9784380421986663,0.9574865584496084,0.9784481420559448,0.9943797154169006,0.03712369458801747,0.006938686808845429,0.014143627990832752,0.006981634158411161,0.014143627990832752,3,79980,31993,31992,0.9949487371842961,1.5110777694423605,0.4889222305576394,0.9898954529538292,1.9898954529538293,0.010104547046170777,1.0,1.032451622581129,0.9675483774188709
cic_iot_diad_2024,xgboost,full,53,0.9768102462367807,0.9543915406857184,0.9768231758594083,0.9912733350335207,0.039824259046621714,0.0015881241889593683,0.008344039760096511,0.0011173972657054843,0.008344039760096511,3,79980,31993,31992,0.9963865966491623,1.5161790447611903,0.4838209552388097,0.9927717472862788,1.992771747286279,0.007228252713721174,1.0,1.0397769888494424,0.9602230111505575
cic_iot_diad_2024,xgboost,risk_aware_full_b0.01_a0.001,53,0.9768102462367807,0.9543915406857184,0.9768231758594083,0.9912733350335207,0.039824259046621714,0.0015881241889593683,0.008380539301563,0.001198417937801169,0.008380539301563,3,79980,31993,31992,0.9963865966491623,1.5161790447611903,0.4838209552388097,0.9927717472862788,1.992771747286279,0.007228252713721174,1.0,1.0397769888494424,0.9602230111505575
cic_iot_diad_2024,xgboost,platt_full,53,0.9766011086155748,0.9536773624070076,0.9766097697861733,0.9939140740068982,0.039396013025531564,0.001618071088749402,0.00849930107526542,0.0012068779693649861,0.00849930107526542,3,79980,31993,31992,0.9893973493373344,1.1590772693173292,0.8409227306826706,0.9897954079335701,1.2921314591566204,0.7078685408433795,0.9889994499724987,1.0260763038151908,0.9739236961848092
cic_iot_diad_2024,xgboost,risk_aware_platt_full_b0.01_a0.001,53,0.9766011086155748,0.9536773624070076,0.9766097697861733,0.9939140740068982,0.039396013025531564,0.001618071088749402,0.008469177711209456,0.0011403675918610415,0.008469177711209456,3,79980,31993,31992,0.9941860465116279,1.4089897474368591,0.5910102525631408,0.9897954079335701,1.7824771147016156,0.21752288529838426,0.9985749287464373,1.0356517825891294,0.9643482174108705
cic_iot_diad_2024,mlp,full,53,0.9620963312450979,0.9258283743971718,0.9621338559049407,0.9850184782673455,0.06344749048475921,0.001922187534801978,0.009228615069873193,0.00035195548867225656,0.009228615069873193,3,79980,31993,31992,0.9956239059764941,1.5290197549387348,0.4709802450612653,0.9912460607273273,1.9912460607273272,0.008753939272672703,1.0,1.0669783489174458,0.9330216510825541
cic_iot_diad_2024,mlp,risk_aware_full_b0.01_a0.001,53,0.9620963312450979,0.9258283743971718,0.9621338559049407,0.9850184782673455,0.06344749048475921,0.001922187534801978,0.007504484037355315,0.00032546594975342466,0.007504484037355315,3,79980,31993,31992,0.9956239059764941,1.5290197549387348,0.4709802450612653,0.9912460607273273,1.9912460607273272,0.008753939272672703,1.0,1.0669783489174458,0.9330216510825541
cic_iot_diad_2024,mlp,platt_full,53,0.9623525095277683,0.9260358810679356,0.9623833481454473,0.9870483556353293,0.06338597304804752,0.004923257849639233,0.007692207635471232,0.0003332520625579255,0.007692207635471232,3,79980,31993,31992,0.988209552388097,1.2903350837709426,0.7096649162290573,0.9892451603221449,1.5293131909359212,0.47068680906407884,0.9871743587179359,1.0514525726286315,0.9485474273713685
cic_iot_diad_2024,mlp,risk_aware_platt_full_b0.01_a0.001,53,0.9623525095277683,0.9260358810679356,0.9623833481454473,0.9870483556353293,0.06338597304804752,0.004923257849639233,0.007279997082236019,0.0003432745683265682,0.007279997082236019,3,79980,31993,31992,0.9938734683670918,1.485483870967742,0.5145161290322581,0.9892451603221449,1.9083587614426492,0.0916412385573508,0.9984999249962498,1.0627781389069453,0.9372218610930546
cic_iot_diad_2024,logistic_regression,full,71,0.9197447828393366,0.842924832948941,0.919901091723087,0.9631242604829183,0.12999561051018485,0.0036355045942038596,0.007757892806212295,0.00014989289009211245,0.007757892806212295,3,79980,31993,31992,0.9966741685421355,1.635096274068517,0.36490372593148285,0.9933470061527687,1.9933470061527687,0.006652993847231254,1.0,1.2769888494424722,0.7230111505575278
cic_iot_diad_2024,logistic_regression,risk_aware_full_b0.01_a0.001,71,0.9197447828393366,0.842924832948941,0.919901091723087,0.9631242604829183,0.12999561051018485,0.0036355045942038596,0.007649237726147974,0.00015082520584070385,0.007649237726147974,3,79980,31993,31992,0.9966741685421355,1.635096274068517,0.36490372593148285,0.9933470061527687,1.9933470061527687,0.006652993847231254,1.0,1.2769888494424722,0.7230111505575278
cic_iot_diad_2024,logistic_regression,platt_full,71,0.9188115110942778,0.8389057762451627,0.9188724936972175,0.9687993128123762,0.13358392562459845,0.01866507434774844,0.007929788697207426,0.00017152579807985885,0.007929788697207426,3,79980,31993,31992,0.9881845461365342,1.4972743185796449,0.5027256814203551,0.9889200140063028,1.7481616727527387,0.25183832724726124,0.9874493724686234,1.2464873243662182,0.7535126756337817
cic_iot_diad_2024,logistic_regression,risk_aware_platt_full_b0.01_a0.001,71,0.9188115110942778,0.8389057762451627,0.9188724936972175,0.9687993128123762,0.13358392562459845,0.01866507434774844,0.007801800449831757,0.00013945152933153573,0.007801800449831757,3,79980,31993,31992,0.9935233808452113,1.5903600900225057,0.4096399099774944,0.9889200140063028,1.9236906607973587,0.07630933920264119,0.9981249062453122,1.257162858142907,0.7428371418570928
cic_iot_diad_2024,random_forest,full,71,0.9790021310190313,0.9584944359859274,0.9790104150547931,0.9928987991761752,0.03566735513236418,0.0008866544618739523,0.01373401892121819,0.006123576310443144,0.01373401892121819,3,79980,31993,31992,0.9952613153288322,1.51176544136034,0.4882345586396599,0.9905207343304487,1.9905207343304487,0.009479265669551299,1.0,1.033201660083004,0.9667983399169958
cic_iot_diad_2024,random_forest,risk_aware_full_b0.01_a0.001,71,0.9790021310190313,0.9584944359859274,0.9790104150547931,0.9928987991761752,0.03566735513236418,0.0008866544618739523,0.013932464782396547,0.006046671250870305,0.013932464782396547,3,79980,31993,31992,0.9952613153288322,1.51176544136034,0.4882345586396599,0.9905207343304487,1.9905207343304487,0.009479265669551299,1.0,1.033201660083004,0.9667983399169958
cic_iot_diad_2024,random_forest,platt_full,71,0.9785001088496963,0.9576538809817499,0.9785107802486318,0.9943053518560214,0.03750137707566248,0.0079027868904522,0.01393434358615159,0.006894512795085131,0.01393434358615159,3,79980,31993,31992,0.9890347586896724,1.1223555888972243,0.8776444111027757,0.9903206442899305,1.2239757891050973,0.7760242108949027,0.9877493874693735,1.02077603880194,0.9792239611980599
cic_iot_diad_2024,random_forest,risk_aware_platt_full_b0.01_a0.001,71,0.9785001088496963,0.9576538809817499,0.9785107802486318,0.9943054230246561,0.03750137707566248,0.007902786890452203,0.014326722931472828,0.006541738768034519,0.014326722931472828,3,79980,31993,31992,0.9951612903225806,1.5115778944736185,0.4884221055263816,0.9903206442899305,1.9903206442899304,0.009679355710069532,1.0,1.0330266513325665,0.9669733486674333
cic_iot_diad_2024,xgboost,full,71,0.9767109881564153,0.9541245467643265,0.9767229707591127,0.9910477327299263,0.040027448884956046,0.0007660044403069156,0.008210917312709785,0.0011453984328823154,0.008210917312709785,3,79980,31993,31992,0.99472368092023,1.5129282320580144,0.4870717679419855,0.9894452503626632,1.9894452503626632,0.010554749637336802,1.0,1.0366018300915045,0.9633981699084955
cic_iot_diad_2024,xgboost,risk_aware_full_b0.01_a0.001,71,0.9767109881564153,0.9541245467643265,0.9767229707591127,0.9910477327299263,0.040027448884956046,0.0007660044403069156,0.008670277152277391,0.001193676335532788,0.008670277152277391,3,79980,31993,31992,0.99472368092023,1.5129282320580144,0.4870717679419855,0.9894452503626632,1.9894452503626632,0.010554749637336802,1.0,1.0366018300915045,0.9633981699084955
cic_iot_diad_2024,xgboost,platt_full,71,0.9766255109701694,0.9537778484383027,0.9766349411212745,0.9938744259291986,0.039475540678897324,0.0015161475052880256,0.01818035217155353,0.001136972160500347,0.01818035217155353,3,79980,31993,31992,0.9876719179794948,1.1346586646661665,0.8653413353338335,0.9878195187834525,1.2462608173678156,0.7537391826321845,0.987524376218811,1.023101155057753,0.9768988449422471
cic_iot_diad_2024,xgboost,risk_aware_platt_full_b0.01_a0.001,71,0.9766255109701694,0.9537778484383027,0.9766349411212745,0.9938744259291986,0.039475540678897324,0.0015161475052880256,0.008343941819169155,0.0011246574140471564,0.008343941819169155,3,79980,31993,31992,0.9931482870717679,1.3943360840210053,0.6056639159789947,0.9878195187834525,1.7547646440898403,0.24523535591015957,0.9984749237461873,1.0340517025851292,0.9659482974148708
cic_iot_diad_2024,mlp,full,71,0.9630631798138967,0.9275896265779193,0.9630962789698186,0.9851392730651808,0.06351625778455303,0.0026590007439157614,0.007769281486586646,0.00042652913225701207,0.007769281486586646,3,79980,31993,31992,0.995311327831958,1.5274318579644912,0.4725681420355089,0.9906207793507078,1.9906207793507078,0.009379220649292181,1.0,1.0644282214110705,0.9355717785889295
cic_iot_diad_2024,mlp,risk_aware_full_b0.01_a0.001,71,0.9630631798138967,0.9275896265779193,0.9630962789698186,0.9851392730651808,0.06351625778455303,0.0026590007439157614,0.007062337667408564,0.0003465674752159147,0.007062337667408564,3,79980,31993,31992,0.995311327831958,1.5274318579644912,0.4725681420355089,0.9906207793507078,1.9906207793507078,0.009379220649292181,1.0,1.0644282214110705,0.9355717785889295
cic_iot_diad_2024,mlp,platt_full,71,0.9624908903233935,0.9262737677475482,0.9625208049957797,0.9869367591739315,0.0639153477753846,0.006222924661812944,0.007793999333162074,0.00034443652559690643,0.007793999333162074,3,79980,31993,31992,0.9879469867466867,1.302750687671918,0.6972493123280821,0.989120104046821,1.5550747836526437,0.4449252163473563,0.9867743387169359,1.0505275263763187,0.9494724736236811
cic_iot_diad_2024,mlp,risk_aware_platt_full_b0.01_a0.001,71,0.9624908903233935,0.9262737677475482,0.9625208049957797,0.9869367591739315,0.0639153477753846,0.006222924661812944,0.007563200383348133,0.0003338668008601282,0.007563200383348133,3,79980,31993,31992,0.9938859714928732,1.4844586146536634,0.5155413853463365,0.989120104046821,1.906683007353309,0.09331699264669101,0.9986499324966248,1.0624031201560078,0.9375968798439922
