dataset,path,exists,size_bytes,sha256,rows_checked,columns,label_column_found,used_reference_header,derived_label_from_path,label_preview,known_sha256_match
cic_iot_diad_2024,data\raw\cic_iot_diad_2024\Anomaly Detection - Flow Based features\Benign\BenignTraffic.pcap_Flow.csv,True,99218013,8a87f915c1c6afb490fd00cbf4e50b178a2515a40de25cadce62e2ba96c6f4e9,5000,84,True,False,True,{'Benign': 5000},
cic_iot_diad_2024,data\raw\cic_iot_diad_2024\Anomaly Detection - Flow Based features\Benign\BenignTraffic1.pcap_Flow.csv,True,46444676,9c0164ab814f36c209ade5f3d3ed7e0ec4ee600029c3d09bb9ca4de0bde08d6d,5000,84,True,False,True,{'Benign': 5000},
cic_iot_diad_2024,data\raw\cic_iot_diad_2024\Anomaly Detection - Flow Based features\Benign\BenignTraffic2.pcap_Flow.csv,True,50213637,b2fef1e955fd2c3d4e87383d1c17e84f3a119706d92031299cfa03df080385be,5000,84,True,False,True,{'Benign': 5000},
cic_iot_diad_2024,data\raw\cic_iot_diad_2024\Anomaly Detection - Flow Based features\Benign\BenignTraffic3.pcap_Flow.csv,True,21396965,811e425e0b5465b6a4d365c3df1cfcac68a258747b991620562aafea9824240b,5000,84,True,False,True,{'Benign': 5000},
cic_iot_diad_2024,data\raw\cic_iot_diad_2024\Anomaly Detection - Flow Based features\BruteForce\DictionaryBruteForce.pcap_Flow.csv,True,1746742,570062335b2d1e2d8c293bc5bac3df715b01f5fb8a8018724f48b864957a3264,3619,84,True,False,True,{'Attack': 3619},
cic_iot_diad_2024,data\raw\cic_iot_diad_2024\Anomaly Detection - Flow Based features\DDoS\DDoS ACK Fragmentation\DDoS-ACK_Fragmentation.pcap_Flow.csv,True,159613102,b872e884c451a3b0e5b44331c780bac1008daa79294ab6039f20427a94ad4d04,5000,84,True,False,True,{'Attack': 5000},
cic_iot_diad_2024,data\raw\cic_iot_diad_2024\Anomaly Detection - Flow Based features\DDoS\DDoS ACK Fragmentation\DDoS-ACK_Fragmentation1.pcap_Flow.csv,True,70939690,bcdc6bf78f0e024c1b4493c1cf4ac7b60712390206c44e602b37dceef7ec8dfc,5000,84,True,False,True,{'Attack': 5000},
cic_iot_diad_2024,data\raw\cic_iot_diad_2024\Anomaly Detection - Flow Based features\DDoS\DDoS ACK Fragmentation\DDoS-ACK_Fragmentation10.pcap_Flow.csv,True,85408284,2326b1a14586f6cecc9fa4a039e2bd28dc5859a9b7a076f4a9547d18d181df7a,5000,84,True,False,True,{'Attack': 5000},
cic_iot_diad_2024,data\raw\cic_iot_diad_2024\Anomaly Detection - Flow Based features\DDoS\DDoS ACK Fragmentation\DDoS-ACK_Fragmentation11.pcap_Flow.csv,True,101914829,f0c4c69fdcf5f61287509f4322d38db109c63e5549cb33578129610ab75def5e,5000,84,True,False,True,{'Attack': 5000},
cic_iot_diad_2024,data\raw\cic_iot_diad_2024\Anomaly Detection - Flow Based features\DDoS\DDoS ACK Fragmentation\DDoS-ACK_Fragmentation12.pcap_Flow.csv,True,19333520,0e98c9dc398316f1c52ba10a3da37ae579327efb2e8d86c2cd5ad71d1f9d3fb6,5000,84,True,False,True,{'Attack': 5000},
cic_iot_diad_2024,data\raw\cic_iot_diad_2024\Anomaly Detection - Flow Based features\DDoS\DDoS ACK Fragmentation\DDoS-ACK_Fragmentation2.pcap_Flow.csv,True,62655736,4b07c4e110b6f84820372b104e6059951ae4fa38281ecf9e09f797c61c8e78de,5000,84,True,False,True,{'Attack': 5000},
cic_iot_diad_2024,data\raw\cic_iot_diad_2024\Anomaly Detection - Flow Based features\DDoS\DDoS ACK Fragmentation\DDoS-ACK_Fragmentation3.pcap_Flow.csv,True,88817841,f13350f364cddfec92e461906f5374940f8c965df933c320f75af778c1d00e16,5000,84,True,False,True,{'Attack': 5000},
cic_iot_diad_2024,data\raw\cic_iot_diad_2024\Anomaly Detection - Flow Based features\DDoS\DDoS ACK Fragmentation\DDoS-ACK_Fragmentation4.pcap_Flow.csv,True,77640883,67a512793463512776e265f1a419fb76f81c10a3ea83f08c8011fa15a03f9a62,5000,84,True,False,True,{'Attack': 5000},
cic_iot_diad_2024,data\raw\cic_iot_diad_2024\Anomaly Detection - Flow Based features\DDoS\DDoS ACK Fragmentation\DDoS-ACK_Fragmentation5.pcap_Flow.csv,True,107458397,696bd73b2221854bc9e448345be25d265d5070c422db18776b26f38c6128047d,5000,84,True,False,True,{'Attack': 5000},
cic_iot_diad_2024,data\raw\cic_iot_diad_2024\Anomaly Detection - Flow Based features\DDoS\DDoS ACK Fragmentation\DDoS-ACK_Fragmentation6.pcap_Flow.csv,True,108091294,5df04e95bba29dabce60420adc8f35982b91d04f0b8fdd6f537f53db7944d567,5000,84,True,False,True,{'Attack': 5000},
cic_iot_diad_2024,data\raw\cic_iot_diad_2024\Anomaly Detection - Flow Based features\DDoS\DDoS ACK Fragmentation\DDoS-ACK_Fragmentation7.pcap_Flow.csv,True,66183328,1a7d2ef6130bddf4da7c0c709f6fb806f2342af0f55be30f2c54a5f23fff2030,5000,84,True,False,True,{'Attack': 5000},
cic_iot_diad_2024,data\raw\cic_iot_diad_2024\Anomaly Detection - Flow Based features\DDoS\DDoS ACK Fragmentation\DDoS-ACK_Fragmentation8.pcap_Flow.csv,True,90984886,a51489773ba42bdf3914e4440e34e716b3518682657a84795694b294ab1b94b2,5000,84,True,False,True,{'Attack': 5000},
cic_iot_diad_2024,data\raw\cic_iot_diad_2024\Anomaly Detection - Flow Based features\DDoS\DDoS ACK Fragmentation\DDoS-ACK_Fragmentation9.pcap_Flow.csv,True,199082214,575c708523c9004a68314f6dffee7afc64109a9b64b05c322d1b605c53428214,5000,84,True,False,True,{'Attack': 5000},
cic_iot_diad_2024,data\raw\cic_iot_diad_2024\Anomaly Detection - Flow Based features\DDoS\DDoS ICMP Flood\DDoS-ICMP_Flood.pcap_Flow.csv,True,5565737,ee89becdee907b38ca54abae43c75085575a6c5cc51e42562a194180749d5d8e,5000,84,True,False,True,{'Attack': 5000},
cic_iot_diad_2024,data\raw\cic_iot_diad_2024\Anomaly Detection - Flow Based features\DDoS\DDoS ICMP Flood\DDoS-ICMP_Flood1.pcap_Flow.csv,True,4282020,80fc500270f4ebc5babc7aefb4f53de026715f858ff9aea1919c1a41de63a9f1,5000,84,True,False,True,{'Attack': 5000},
cic_iot_diad_2024,data\raw\cic_iot_diad_2024\Anomaly Detection - Flow Based features\DDoS\DDoS ICMP Flood\DDoS-ICMP_Flood10.pcap_Flow.csv,True,4034821,2d2310668cce5aeb8c7696ee4bf5833f4b2a43bea12b7ed71c416561e53cbc4a,5000,84,True,False,True,{'Attack': 5000},
cic_iot_diad_2024,data\raw\cic_iot_diad_2024\Anomaly Detection - Flow Based features\DDoS\DDoS ICMP Flood\DDoS-ICMP_Flood11.pcap_Flow.csv,True,4389260,2fe07d3aef8d3b81d755b323db8cf0298a445bff954deaaa8119f4b6c0b7bb37,5000,84,True,False,True,{'Attack': 5000},
cic_iot_diad_2024,data\raw\cic_iot_diad_2024\Anomaly Detection - Flow Based features\DDoS\DDoS ICMP Flood\DDoS-ICMP_Flood12.pcap_Flow.csv,True,3836585,db26fc8af852a93bf38628b9cf80bf58e77adf98ef58c01a441981b2a8eccaa9,5000,84,True,False,True,{'Attack': 5000},
cic_iot_diad_2024,data\raw\cic_iot_diad_2024\Anomaly Detection - Flow Based features\DDoS\DDoS ICMP Flood\DDoS-ICMP_Flood13.pcap_Flow.csv,True,2950077,cbf026baa137e9b7c44d87d546d8d7b24596d56fdea5b7b9931bb97d0a217abb,5000,84,True,False,True,{'Attack': 5000},
cic_iot_diad_2024,data\raw\cic_iot_diad_2024\Anomaly Detection - Flow Based features\DDoS\DDoS ICMP Flood\DDoS-ICMP_Flood14.pcap_Flow.csv,True,3553907,95c0d6a4d9832f2d6a3b122197ad4e7b5ea8106fd4ff843d08ed92b8337cc26c,5000,84,True,False,True,{'Attack': 5000},
cic_iot_diad_2024,data\raw\cic_iot_diad_2024\Anomaly Detection - Flow Based features\DDoS\DDoS ICMP Flood\DDoS-ICMP_Flood15.pcap_Flow.csv,True,5531382,48d3784783e9eeaf4c593349222c812499bff4558f8c5d4df8d17bbbb6d2c3da,5000,84,True,False,True,{'Attack': 5000},
cic_iot_diad_2024,data\raw\cic_iot_diad_2024\Anomaly Detection - Flow Based features\DDoS\DDoS ICMP Flood\DDoS-ICMP_Flood16.pcap_Flow.csv,True,5508374,cb635d676a5b9d6d2d44871860062534abee29de8526103f5b1c39beb7c542dc,5000,84,True,False,True,{'Attack': 5000},
cic_iot_diad_2024,data\raw\cic_iot_diad_2024\Anomaly Detection - Flow Based features\DDoS\DDoS ICMP Flood\DDoS-ICMP_Flood17.pcap_Flow.csv,True,2494555,c20548c1eb7659259ab5b372e9febe15fb049c12ee9b6134cc45dd8cc1952611,4643,84,True,False,True,{'Attack': 4643},
cic_iot_diad_2024,data\raw\cic_iot_diad_2024\Anomaly Detection - Flow Based features\DDoS\DDoS ICMP Flood\DDoS-ICMP_Flood18.pcap_Flow.csv,True,2127995,96e35e78d137c5b23a128e0da4f3b0cc056d471a8e0c1e32fcf1acb48df7d446,4062,84,True,False,True,{'Attack': 4062},
cic_iot_diad_2024,data\raw\cic_iot_diad_2024\Anomaly Detection - Flow Based features\DDoS\DDoS ICMP Flood\DDoS-ICMP_Flood19.pcap_Flow.csv,True,4296522,cb47d0a415ce0d9be7878611baa6ae75379e31eb8176884595416373fd918080,5000,84,True,False,True,{'Attack': 5000},
cic_iot_diad_2024,data\raw\cic_iot_diad_2024\Anomaly Detection - Flow Based features\DDoS\DDoS ICMP Flood\DDoS-ICMP_Flood2.pcap_Flow.csv,True,5686932,52293b840208a16b0392ee05f96c8ed62ecd7640c6b1763959cda4212ce6222a,5000,84,True,False,True,{'Attack': 5000},
cic_iot_diad_2024,data\raw\cic_iot_diad_2024\Anomaly Detection - Flow Based features\DDoS\DDoS ICMP Flood\DDoS-ICMP_Flood20.pcap_Flow.csv,True,3916845,cbedde5267515ccfd90f4ad7859154911cf152c711dafa36ff985df78bd36f47,5000,84,True,False,True,{'Attack': 5000},
cic_iot_diad_2024,data\raw\cic_iot_diad_2024\Anomaly Detection - Flow Based features\DDoS\DDoS ICMP Flood\DDoS-ICMP_Flood21.pcap_Flow.csv,True,3824166,0ecde49f2e50b1bfad6ea6bd82af3580c413ebe630534fff94e1dabadd8637b1,5000,84,True,False,True,{'Attack': 5000},
cic_iot_diad_2024,data\raw\cic_iot_diad_2024\Anomaly Detection - Flow Based features\DDoS\DDoS ICMP Flood\DDoS-ICMP_Flood22.pcap_Flow.csv,True,3214156,91fc9904bbf524fd14b277d7c945f98cb70fac4f0ef32c7b0ec109cd1a108972,5000,84,True,False,True,{'Attack': 5000},
cic_iot_diad_2024,data\raw\cic_iot_diad_2024\Anomaly Detection - Flow Based features\DDoS\DDoS ICMP Flood\DDoS-ICMP_Flood23.pcap_Flow.csv,True,2737848,4dc4e917b8cf04feae16f3bc9f0f23dac3eea8f227ef6b42aad0a7a0e818f5f5,5000,84,True,False,True,{'Attack': 5000},
cic_iot_diad_2024,data\raw\cic_iot_diad_2024\Anomaly Detection - Flow Based features\DDoS\DDoS ICMP Flood\DDoS-ICMP_Flood24.pcap_Flow.csv,True,3232079,89163e323721c40f2539b561964ca1c4ee0ee89d9b1a2887151bf35a0f4d3740,5000,84,True,False,True,{'Attack': 5000},
cic_iot_diad_2024,data\raw\cic_iot_diad_2024\Anomaly Detection - Flow Based features\DDoS\DDoS ICMP Flood\DDoS-ICMP_Flood25.pcap_Flow.csv,True,5018468,2d87a393728d2723a781b2f0517fd6a20c72f65c3ec5f43b6c7b7613a4ab9cfb,5000,84,True,False,True,{'Attack': 5000},
cic_iot_diad_2024,data\raw\cic_iot_diad_2024\Anomaly Detection - Flow Based features\DDoS\DDoS ICMP Flood\DDoS-ICMP_Flood26.pcap_Flow.csv,True,2839348,2f976cc049988aea23e6868787734d85dff6aae93d222ef6e9ecdcdffeae9082,5000,84,True,False,True,{'Attack': 5000},
cic_iot_diad_2024,data\raw\cic_iot_diad_2024\Anomaly Detection - Flow Based features\DDoS\DDoS ICMP Flood\DDoS-ICMP_Flood3.pcap_Flow.csv,True,4164002,2ef676b4d38f83bb1a87f39e4f5f740f8846a1b0a55b393d25d7f9d483e9e56e,5000,84,True,False,True,{'Attack': 5000},
cic_iot_diad_2024,data\raw\cic_iot_diad_2024\Anomaly Detection - Flow Based features\DDoS\DDoS ICMP Flood\DDoS-ICMP_Flood4.pcap_Flow.csv,True,8230807,f48eacc3c23f7f791a6c5b81dad88081326cf7f6947bba13ee20d60b00996b5a,5000,84,True,False,True,{'Attack': 5000},
cic_iot_diad_2024,data\raw\cic_iot_diad_2024\Anomaly Detection - Flow Based features\DDoS\DDoS ICMP Flood\DDoS-ICMP_Flood5.pcap_Flow.csv,True,4082342,a84b5aa1307288560acd47ca67a29ad1732138ef99e2d42505be34af07d039ed,5000,84,True,False,True,{'Attack': 5000},
cic_iot_diad_2024,data\raw\cic_iot_diad_2024\Anomaly Detection - Flow Based features\DDoS\DDoS ICMP Flood\DDoS-ICMP_Flood6.pcap_Flow.csv,True,2486524,9e9a5f5185381521ff86bff2a0de7625cd6bc0693d656c1b0fc478695eb05f85,4783,84,True,False,True,{'Attack': 4783},
cic_iot_diad_2024,data\raw\cic_iot_diad_2024\Anomaly Detection - Flow Based features\DDoS\DDoS ICMP Flood\DDoS-ICMP_Flood7.pcap_Flow.csv,True,1715790,ee208cc760d45be6e30ecb10ea019b70d9dd1a69832e9ad559af4fcb4d032865,3244,84,True,False,True,{'Attack': 3244},
cic_iot_diad_2024,data\raw\cic_iot_diad_2024\Anomaly Detection - Flow Based features\DDoS\DDoS ICMP Flood\DDoS-ICMP_Flood8.pcap_Flow.csv,True,3379735,fcf0d9c25616f42f70708e1bf3298765577287b12f97094ae1ad87aa026bbfdd,5000,84,True,False,True,{'Attack': 5000},
cic_iot_diad_2024,data\raw\cic_iot_diad_2024\Anomaly Detection - Flow Based features\DDoS\DDoS ICMP Flood\DDoS-ICMP_Flood9.pcap_Flow.csv,True,3680715,85645d9b06c719cf10a742fc62a1ee071a1c5e6f9694073f58ddb7fda24c5f09,5000,84,True,False,True,{'Attack': 5000},
cic_iot_diad_2024,data\raw\cic_iot_diad_2024\Anomaly Detection - Flow Based features\DDoS\DDoS-HTTP Flood\DDoS-HTTP_Flood-.pcap_Flow.csv,True,246288916,1d019b058e835749a3f7263b696b092ec64cc5d4c61362c590660599cdaceb9a,5000,84,True,False,True,{'Attack': 5000},
cic_iot_diad_2024,data\raw\cic_iot_diad_2024\Anomaly Detection - Flow Based features\DDoS\DDoS-ICMP_Fragmentation\DDoS-ICMP_Fragmentation.pcap_Flow.csv,True,7458001,068efe72ceb49b4b038b75b6146551f91d880afd50122dd0e927049029078068,5000,84,True,False,True,{'Attack': 5000},
cic_iot_diad_2024,data\raw\cic_iot_diad_2024\Anomaly Detection - Flow Based features\DDoS\DDoS-ICMP_Fragmentation\DDoS-ICMP_Fragmentation1.pcap_Flow.csv,True,9176052,fcccb6268af295d17bc6e8cb2a838fd1a489a3448a9cda250b46ad76259d5659,5000,84,True,False,True,{'Attack': 5000},
cic_iot_diad_2024,data\raw\cic_iot_diad_2024\Anomaly Detection - Flow Based features\DDoS\DDoS-ICMP_Fragmentation\DDoS-ICMP_Fragmentation10.pcap_Flow.csv,True,7668811,39e071a6ce31de60f725fe1403dbbe2531c27ffdc5728a05c666eb87d8e4384f,5000,84,True,False,True,{'Attack': 5000},
cic_iot_diad_2024,data\raw\cic_iot_diad_2024\Anomaly Detection - Flow Based features\DDoS\DDoS-ICMP_Fragmentation\DDoS-ICMP_Fragmentation11.pcap_Flow.csv,True,6118491,201b0159c693a0642b065ed2816582861ac85bf339c1acb90b7ca01045c87235,5000,84,True,False,True,{'Attack': 5000},
cic_iot_diad_2024,data\raw\cic_iot_diad_2024\Anomaly Detection - Flow Based features\DDoS\DDoS-ICMP_Fragmentation\DDoS-ICMP_Fragmentation12.pcap_Flow.csv,True,9414482,0e9eb30615d884ed9b9344b1fa7ac5ce36c1f3fbb66e5901752553a0a67561f6,5000,84,True,False,True,{'Attack': 5000},
cic_iot_diad_2024,data\raw\cic_iot_diad_2024\Anomaly Detection - Flow Based features\DDoS\DDoS-ICMP_Fragmentation\DDoS-ICMP_Fragmentation13.pcap_Flow.csv,True,6844913,07fa799b6b39411de2dcfc3f067bf8320b2d49dc7f956c1b9f3acfddff538d2a,5000,84,True,False,True,{'Attack': 5000},
cic_iot_diad_2024,data\raw\cic_iot_diad_2024\Anomaly Detection - Flow Based features\DDoS\DDoS-ICMP_Fragmentation\DDoS-ICMP_Fragmentation14.pcap_Flow.csv,True,7082376,d3d286e96aa3d4ffa2f5fbc5cca8da8031614a36192c693c44ec438c3cffb667,5000,84,True,False,True,{'Attack': 5000},
cic_iot_diad_2024,data\raw\cic_iot_diad_2024\Anomaly Detection - Flow Based features\DDoS\DDoS-ICMP_Fragmentation\DDoS-ICMP_Fragmentation15.pcap_Flow.csv,True,5095896,24e1f5d60c1facb4b8ebee7f971226ca520bc6d2562a97c7a70e8a815775f55a,5000,84,True,False,True,{'Attack': 5000},
cic_iot_diad_2024,data\raw\cic_iot_diad_2024\Anomaly Detection - Flow Based features\DDoS\DDoS-ICMP_Fragmentation\DDoS-ICMP_Fragmentation16.pcap_Flow.csv,True,8668131,9227f0d8937bfb5a24fb1e40fa4e0e4073c04e9fbe3e34aff625a6fbca54ffae,5000,84,True,False,True,{'Attack': 5000},
cic_iot_diad_2024,data\raw\cic_iot_diad_2024\Anomaly Detection - Flow Based features\DDoS\DDoS-ICMP_Fragmentation\DDoS-ICMP_Fragmentation17.pcap_Flow.csv,True,21945057,9d43f197c2b56e0ab4a5c2902b09f7c0d1d4e6cfb3495a2b2c7f6283b6d50695,5000,84,True,False,True,{'Attack': 5000},
cic_iot_diad_2024,data\raw\cic_iot_diad_2024\Anomaly Detection - Flow Based features\DDoS\DDoS-ICMP_Fragmentation\DDoS-ICMP_Fragmentation18.pcap_Flow.csv,True,4917817,872be72a15d78acc0e2240cb9665f2b5025e52bc85c440a290b4cb79b34b7e20,5000,84,True,False,True,{'Attack': 5000},
cic_iot_diad_2024,data\raw\cic_iot_diad_2024\Anomaly Detection - Flow Based features\DDoS\DDoS-ICMP_Fragmentation\DDoS-ICMP_Fragmentation19.pcap_Flow.csv,True,5790708,4ad55e36935f4a52873c31f16f1bf5d82078b198b98dc1e44f40004c24ad8347,5000,84,True,False,True,{'Attack': 5000},
cic_iot_diad_2024,data\raw\cic_iot_diad_2024\Anomaly Detection - Flow Based features\DDoS\DDoS-ICMP_Fragmentation\DDoS-ICMP_Fragmentation2.pcap_Flow.csv,True,7131349,52707c33d71030de42b030eb07ca7295836732e4e9aba8868e44fad3cf2e6ec9,5000,84,True,False,True,{'Attack': 5000},
cic_iot_diad_2024,data\raw\cic_iot_diad_2024\Anomaly Detection - Flow Based features\DDoS\DDoS-ICMP_Fragmentation\DDoS-ICMP_Fragmentation3.pcap_Flow.csv,True,12417260,f4b6e09f304b4aa6534447ba574a2d8b25e326a71d0f20bf9883b36332e33651,5000,84,True,False,True,{'Attack': 5000},
cic_iot_diad_2024,data\raw\cic_iot_diad_2024\Anomaly Detection - Flow Based features\DDoS\DDoS-ICMP_Fragmentation\DDoS-ICMP_Fragmentation4.pcap_Flow.csv,True,13542159,3e4ec9ef4dca85f52eb377cbff20a864186eae41100ef1035a00cfb6ee3c3881,5000,84,True,False,True,{'Attack': 5000},
cic_iot_diad_2024,data\raw\cic_iot_diad_2024\Anomaly Detection - Flow Based features\DDoS\DDoS-ICMP_Fragmentation\DDoS-ICMP_Fragmentation5.pcap_Flow.csv,True,5671514,1832bfa241a80c3aabbb1252f3711a44c194fdfb8e700c8384eca3b53d7a9881,5000,84,True,False,True,{'Attack': 5000},
cic_iot_diad_2024,data\raw\cic_iot_diad_2024\Anomaly Detection - Flow Based features\DDoS\DDoS-ICMP_Fragmentation\DDoS-ICMP_Fragmentation6.pcap_Flow.csv,True,5323287,c2fb2096a8c1b4447a6960644a2a8ee8711b31a322400ee6445cacadc4928451,5000,84,True,False,True,{'Attack': 5000},
cic_iot_diad_2024,data\raw\cic_iot_diad_2024\Anomaly Detection - Flow Based features\DDoS\DDoS-ICMP_Fragmentation\DDoS-ICMP_Fragmentation7.pcap_Flow.csv,True,7508169,8b06782bdfd9d64ce77f57dcd899f4a8f2b27b9ddb6ad6f049512890d2e774c2,5000,84,True,False,True,{'Attack': 5000},
cic_iot_diad_2024,data\raw\cic_iot_diad_2024\Anomaly Detection - Flow Based features\DDoS\DDoS-ICMP_Fragmentation\DDoS-ICMP_Fragmentation8.pcap_Flow.csv,True,6535461,358aed9c507d1937fdc35ade3fcd22e0c8e0ea63ca166c9f6b4e43663c11dc20,5000,84,True,False,True,{'Attack': 5000},
cic_iot_diad_2024,data\raw\cic_iot_diad_2024\Anomaly Detection - Flow Based features\DDoS\DDoS-ICMP_Fragmentation\DDoS-ICMP_Fragmentation9.pcap_Flow.csv,True,10913680,d4780a7ba8fc48916708dc70638c6dc157a0a7661f9a4bcc95b2e98cc576ca0e,5000,84,True,False,True,{'Attack': 5000},
cic_iot_diad_2024,data\raw\cic_iot_diad_2024\Anomaly Detection - Flow Based features\DoS\DoS SYN Flood\DoS-SYN_Flood.pcap_Flow.csv,True,2065766424,4f06ea53b9fbbea093acf696f49666cb0bb47a8006e0416b322202dd07a65133,5000,84,True,False,True,{'Attack': 5000},
cic_iot_diad_2024,data\raw\cic_iot_diad_2024\Anomaly Detection - Flow Based features\DoS\DoS SYN Flood\DoS-SYN_Flood1.pcap_Flow.csv,True,748064740,57f9b204fe8e97cd5187aa06029dc11c04d3a045a847712df06aa9d2eb39fa92,5000,84,True,False,True,{'Attack': 5000},
cic_iot_diad_2024,data\raw\cic_iot_diad_2024\Anomaly Detection - Flow Based features\DoS\DoS SYN Flood\DoS-SYN_Flood2.pcap_Flow.csv,True,1128921696,53e1125eb462287a773399626cb48a10d432cf6b50b345a6df1d6c78cdd82b98,5000,84,True,False,True,{'Attack': 5000},
cic_iot_diad_2024,data\raw\cic_iot_diad_2024\Anomaly Detection - Flow Based features\DoS\DoS SYN Flood\DoS-SYN_Flood3.pcap_Flow.csv,True,1019553127,d850cd3397f67e0f912124c55c1ead2c0449e5f975c620216a3847ccd890e889,5000,84,True,False,True,{'Attack': 5000},
cic_iot_diad_2024,data\raw\cic_iot_diad_2024\Anomaly Detection - Flow Based features\DoS\DoS SYN Flood\DoS-SYN_Flood4.pcap_Flow.csv,True,1167577806,ff29442e02b81d178bf9e8b9655a12f4eb81188e65881934ab158e5668d21c7f,5000,84,True,False,True,{'Attack': 5000},
cic_iot_diad_2024,data\raw\cic_iot_diad_2024\Anomaly Detection - Flow Based features\DoS\DoS SYN Flood\DoS-SYN_Flood5.pcap_Flow.csv,True,970435055,d90c77b3891a588be5a54f787a117a64345d94a5f3c49d8ce7d8526eb19b68e7,5000,84,True,False,True,{'Attack': 5000},
cic_iot_diad_2024,data\raw\cic_iot_diad_2024\Anomaly Detection - Flow Based features\DoS\DoS SYN Flood\DoS-SYN_Flood6.pcap_Flow.csv,True,828250772,4882cdf9cb74e4a0e5b566513784aed8a34471d1c88ee9e87d69c30a508f990b,5000,84,True,False,True,{'Attack': 5000},
cic_iot_diad_2024,data\raw\cic_iot_diad_2024\Anomaly Detection - Flow Based features\DoS\DoS SYN Flood\DoS-SYN_Flood7.pcap_Flow.csv,True,737774415,38e510ea7f771d4869847147f3a154c388e63be9ad61d40e9954568a24514cb0,5000,84,True,False,True,{'Attack': 5000},
cic_iot_diad_2024,data\raw\cic_iot_diad_2024\Anomaly Detection - Flow Based features\DoS\DoS-HTTP_Flood\DoS-HTTP_Flood.pcap_Flow.csv,True,406182568,801620a183fe8236e979dc2f24329d9a4e122308690e5bcc3dfdfa83b42894db,5000,84,True,False,True,{'Attack': 5000},
cic_iot_diad_2024,data\raw\cic_iot_diad_2024\Anomaly Detection - Flow Based features\DoS\DoS-HTTP_Flood\DoS-HTTP_Flood1.pcap_Flow.csv,True,313851273,44e018fc8d8ddb325fb9486c79da41c781ed8c2474dd28e86e77a5dafdd998e5,5000,84,True,False,True,{'Attack': 5000},
cic_iot_diad_2024,data\raw\cic_iot_diad_2024\Anomaly Detection - Flow Based features\DoS\DoS-TCP_Flood\DoS-TCP_Flood.pcap_Flow.csv,True,460,0745e0a3fefedf715f1573deb495bdec06d0e476860cf08354eeeb9ad32f6699,1,84,True,True,True,{'Attack': 1},
cic_iot_diad_2024,data\raw\cic_iot_diad_2024\Anomaly Detection - Flow Based features\DoS\DoS-TCP_Flood\DoS-TCP_Flood1.pcap_Flow.csv,True,558,4cc1118f74db6fd611c50a6f059581f90daaad4d949dcded58e92305a9d2ec88,1,84,True,True,True,{'Attack': 1},
cic_iot_diad_2024,data\raw\cic_iot_diad_2024\Anomaly Detection - Flow Based features\DoS\DoS-TCP_Flood\DoS-TCP_Flood10.pcap_Flow.csv,True,398,65ad5d0a6953fba959e9392e7e6a588b6811f08e829582a1615bae1545895180,1,84,True,True,True,{'Attack': 1},
cic_iot_diad_2024,data\raw\cic_iot_diad_2024\Anomaly Detection - Flow Based features\DoS\DoS-TCP_Flood\DoS-TCP_Flood2.pcap_Flow.csv,True,423,b5a809253323dc8fe92be5b0ec618c4714d0da8f490364d245f10313aa2af2d7,1,84,True,True,True,{'Attack': 1},
cic_iot_diad_2024,data\raw\cic_iot_diad_2024\Anomaly Detection - Flow Based features\DoS\DoS-TCP_Flood\DoS-TCP_Flood3.pcap_Flow.csv,True,520,f147d607f29481ba11e5f2680e39e208b4dbe4c58a701e262ac512e939ceaa0d,1,84,True,True,True,{'Attack': 1},
cic_iot_diad_2024,data\raw\cic_iot_diad_2024\Anomaly Detection - Flow Based features\DoS\DoS-UDP_Flood\DoS-UDP_Flood.pcap_Flow.csv,True,523374726,c3ff066af5f3548d93a67e5f41562bbaa610b2afbb103191f2f2e43578d3e66e,5000,84,True,False,True,{'Attack': 5000},
cic_iot_diad_2024,data\raw\cic_iot_diad_2024\Anomaly Detection - Flow Based features\DoS\DoS-UDP_Flood\DoS-UDP_Flood10.pcap_Flow.csv,True,30445003,30e07da2d30e303d60f5c2d003c69054d0529d2b70f1873c9946952db3199f6c,5000,84,True,False,True,{'Attack': 5000},
cic_iot_diad_2024,data\raw\cic_iot_diad_2024\Anomaly Detection - Flow Based features\DoS\DoS-UDP_Flood\DoS-UDP_Flood11.pcap_Flow.csv,True,28155820,2e9e1c093f07222d5bc47d8b5a9b3276ef93ed54b534c4b0bb2d53500fafec14,5000,84,True,False,True,{'Attack': 5000},
cic_iot_diad_2024,data\raw\cic_iot_diad_2024\Anomaly Detection - Flow Based features\DoS\DoS-UDP_Flood\DoS-UDP_Flood12.pcap_Flow.csv,True,24779241,46d647eb45b039fb3c291f8af285937c92837c4a64fb0a0f286829b6bbfb9cad,5000,84,True,False,True,{'Attack': 5000},
cic_iot_diad_2024,data\raw\cic_iot_diad_2024\Anomaly Detection - Flow Based features\DoS\DoS-UDP_Flood\DoS-UDP_Flood13.pcap_Flow.csv,True,29050006,4db30377aa5d8ade6def8f5bb95afce4d19712f835e09fd31b208a50f512ddce,5000,84,True,False,True,{'Attack': 5000},
cic_iot_diad_2024,data\raw\cic_iot_diad_2024\Anomaly Detection - Flow Based features\DoS\DoS-UDP_Flood\DoS-UDP_Flood14.pcap_Flow.csv,True,31889244,1d223a552f9d90a2c5a695cf8d5b0d6da196570936f691af85ca480420c8f93f,5000,84,True,False,True,{'Attack': 5000},
cic_iot_diad_2024,data\raw\cic_iot_diad_2024\Anomaly Detection - Flow Based features\DoS\DoS-UDP_Flood\DoS-UDP_Flood15.pcap_Flow.csv,True,32283925,81bb23e90ff6415923b3d15fdeeab264992c12ea6e01c867f31201ac5985f449,5000,84,True,False,True,{'Attack': 5000},
cic_iot_diad_2024,data\raw\cic_iot_diad_2024\Anomaly Detection - Flow Based features\DoS\DoS-UDP_Flood\DoS-UDP_Flood16.pcap_Flow.csv,True,17487210,f2149aba517190c325e25bcd7188ba7961b37494884c3dd71f54ad799f82d9c5,5000,84,True,False,True,{'Attack': 5000},
cic_iot_diad_2024,data\raw\cic_iot_diad_2024\Anomaly Detection - Flow Based features\DoS\DoS-UDP_Flood\DoS-UDP_Flood3.pcap_Flow.csv,True,325945685,8e9c1475fd50025551d930354752f3d76849ffea59e66bb86bc54ba16c9c6474,5000,84,True,False,True,{'Attack': 5000},
cic_iot_diad_2024,data\raw\cic_iot_diad_2024\Anomaly Detection - Flow Based features\DoS\DoS-UDP_Flood\DoS-UDP_Flood4.pcap_Flow.csv,True,541307165,b8110f4bb385d615c1c3d087002cb57f6db07639853e8ca44941610afd05357a,5000,84,True,False,True,{'Attack': 5000},
cic_iot_diad_2024,data\raw\cic_iot_diad_2024\Anomaly Detection - Flow Based features\DoS\DoS-UDP_Flood\DoS-UDP_Flood5.pcap_Flow.csv,True,471962732,c36e96c5229e1cc6b0968f4146d58ad3fc8c5ad1754d5074591e256b952046c1,5000,84,True,False,True,{'Attack': 5000},
cic_iot_diad_2024,data\raw\cic_iot_diad_2024\Anomaly Detection - Flow Based features\DoS\DoS-UDP_Flood\DoS-UDP_Flood6.pcap_Flow.csv,True,469406802,f446630b64890ad948e400c63bb239fece80532462717394af064dffc4489640,5000,84,True,False,True,{'Attack': 5000},
cic_iot_diad_2024,data\raw\cic_iot_diad_2024\Anomaly Detection - Flow Based features\DoS\DoS-UDP_Flood\DoS-UDP_Flood7.pcap_Flow.csv,True,294023775,a898e4322d3d168e88a5dce3f80ee7a130af6907a9aa0157c3aed364225ef83c,5000,84,True,False,True,{'Attack': 5000},
cic_iot_diad_2024,data\raw\cic_iot_diad_2024\Anomaly Detection - Flow Based features\DoS\DoS-UDP_Flood\DoS-UDP_Flood8.pcap_Flow.csv,True,36249719,cd3023f3e035f19e490c054501bc5ca30f7c5b256e22a623cf7ef9f5b03ae56b,5000,84,True,False,True,{'Attack': 5000},
cic_iot_diad_2024,data\raw\cic_iot_diad_2024\Anomaly Detection - Flow Based features\DoS\DoS-UDP_Flood\DoS-UDP_Flood9.pcap_Flow.csv,True,34372458,1a1bb047dc4fe1db3521003f0adf6ea04173f5b9a6cac12577df6b530151b2e9,5000,84,True,False,True,{'Attack': 5000},
cic_iot_diad_2024,data\raw\cic_iot_diad_2024\Anomaly Detection - Flow Based features\Mirai\Mirai-greeth_flood.pcap_Flow.csv,True,2697574,c24a3dc381aff5453ae8975d79c9276d797cda5cd3e2fa95bbf3263e44f812db,5000,84,True,False,True,{'Attack': 5000},
cic_iot_diad_2024,data\raw\cic_iot_diad_2024\Anomaly Detection - Flow Based features\Mirai\Mirai-greeth_flood1.pcap_Flow.csv,True,5418260,e4bc079303ada628f14fa5dbcb4b09f30d687b683cdabeea01edb585fe52c202,5000,84,True,False,True,{'Attack': 5000},
cic_iot_diad_2024,data\raw\cic_iot_diad_2024\Anomaly Detection - Flow Based features\Mirai\Mirai-greeth_flood10.pcap_Flow.csv,True,4290872,9f33a2cdc3732dfd20e3210d2c01c3f804c40a6b551ea998dd9c3d35f540657a,5000,84,True,False,True,{'Attack': 5000},
cic_iot_diad_2024,data\raw\cic_iot_diad_2024\Anomaly Detection - Flow Based features\Mirai\Mirai-greeth_flood11.pcap_Flow.csv,True,4417973,ae1d18f1952cd8adc702ef9a1079fbbe3a95c9f5e7ee6d1d482068f796c3402b,5000,84,True,False,True,{'Attack': 5000},
cic_iot_diad_2024,data\raw\cic_iot_diad_2024\Anomaly Detection - Flow Based features\Mirai\Mirai-greeth_flood12.pcap_Flow.csv,True,3450066,17296ad65282fe1098eddbcf4ca8dc1221d12d09cdcb544e4525fbc599b67ebe,5000,84,True,False,True,{'Attack': 5000},
cic_iot_diad_2024,data\raw\cic_iot_diad_2024\Anomaly Detection - Flow Based features\Mirai\Mirai-greeth_flood13.pcap_Flow.csv,True,5484242,fe805dcae2108761d6078c368532c0df584b72fd74278a5ac63a7d93dd392d73,5000,84,True,False,True,{'Attack': 5000},
cic_iot_diad_2024,data\raw\cic_iot_diad_2024\Anomaly Detection - Flow Based features\Mirai\Mirai-greeth_flood14.pcap_Flow.csv,True,1586847,6e21f94ded43468c671274ca448ba1a28b2a335d833590666a15963f3df18733,2977,84,True,False,True,{'Attack': 2977},
cic_iot_diad_2024,data\raw\cic_iot_diad_2024\Anomaly Detection - Flow Based features\Mirai\Mirai-greeth_flood15.pcap_Flow.csv,True,1774402,37c738170c5a052685c776f73b2d012408adf8ca76dfbe926a73241553fa015b,3247,84,True,False,True,{'Attack': 3247},
cic_iot_diad_2024,data\raw\cic_iot_diad_2024\Anomaly Detection - Flow Based features\Mirai\Mirai-greeth_flood16.pcap_Flow.csv,True,2348608,24f5826101c5df595447cc7aab60afdd302d6834ee9da02162789f505b9a02f8,4438,84,True,False,True,{'Attack': 4438},
cic_iot_diad_2024,data\raw\cic_iot_diad_2024\Anomaly Detection - Flow Based features\Mirai\Mirai-greeth_flood17.pcap_Flow.csv,True,1527807,9f658a0121726e588f548a45e07abb86930889bf003a4db4205114fb51c86cee,2790,84,True,False,True,{'Attack': 2790},
cic_iot_diad_2024,data\raw\cic_iot_diad_2024\Anomaly Detection - Flow Based features\Mirai\Mirai-greeth_flood18.pcap_Flow.csv,True,1753300,6717d30e5501d121a2e4c7baf3bf59958e412da4110a5e8c36f3bd8731a2d0ec,3265,84,True,False,True,{'Attack': 3265},
cic_iot_diad_2024,data\raw\cic_iot_diad_2024\Anomaly Detection - Flow Based features\Mirai\Mirai-greeth_flood19.pcap_Flow.csv,True,1844515,d73285f772cbf7607b4146ea4381bde2eab7e51f9724685c74d767a0710c5e28,3481,84,True,False,True,{'Attack': 3481},
cic_iot_diad_2024,data\raw\cic_iot_diad_2024\Anomaly Detection - Flow Based features\Mirai\Mirai-greeth_flood2.pcap_Flow.csv,True,2093488,0eb3a0afa7a802f5ae2a92a17849a32b6e2c078c6d40c1357902e9fbfb45c2ae,4071,84,True,False,True,{'Attack': 4071},
cic_iot_diad_2024,data\raw\cic_iot_diad_2024\Anomaly Detection - Flow Based features\Mirai\Mirai-greeth_flood20.pcap_Flow.csv,True,2209649,64abab3fd594f8d3d3b5e535634b87b0268b16fb64d1f0c66087d33e3796150f,4100,84,True,False,True,{'Attack': 4100},
cic_iot_diad_2024,data\raw\cic_iot_diad_2024\Anomaly Detection - Flow Based features\Mirai\Mirai-greeth_flood21.pcap_Flow.csv,True,2440139,9f537bfb00b1276583fba9a1691a0025959765bd33bd06eed1b167588543d979,4507,84,True,False,True,{'Attack': 4507},
cic_iot_diad_2024,data\raw\cic_iot_diad_2024\Anomaly Detection - Flow Based features\Mirai\Mirai-greeth_flood22.pcap_Flow.csv,True,3541638,afea911e9893a1a32efc7a3e9b276ee3c34a2d93ee374ae6924443481b9cbf09,5000,84,True,False,True,{'Attack': 5000},
cic_iot_diad_2024,data\raw\cic_iot_diad_2024\Anomaly Detection - Flow Based features\Mirai\Mirai-greeth_flood23.pcap_Flow.csv,True,2479370,5bd637fae48d8a36240db53d1f6b8ffb22771281c4f15c57f87b1a1a8b31f342,4572,84,True,False,True,{'Attack': 4572},
cic_iot_diad_2024,data\raw\cic_iot_diad_2024\Anomaly Detection - Flow Based features\Mirai\Mirai-greeth_flood24.pcap_Flow.csv,True,1398318,9747bf1709f0f8af15ce818ecff87e3c7ae3c70a21aa9bfbaa2a698180f9d6bc,2546,84,True,False,True,{'Attack': 2546},
cic_iot_diad_2024,data\raw\cic_iot_diad_2024\Anomaly Detection - Flow Based features\Mirai\Mirai-greeth_flood25.pcap_Flow.csv,True,1343728,95dd30e694e52a57f0dc32e33a43072b648f8d07b1fe1f620659bb9d69954948,2500,84,True,False,True,{'Attack': 2500},
cic_iot_diad_2024,data\raw\cic_iot_diad_2024\Anomaly Detection - Flow Based features\Mirai\Mirai-greeth_flood26.pcap_Flow.csv,True,3018763,e13f1f8a7497f3e35d40c333c0cd80536270b037e46b10f40923509a79a8593a,5000,84,True,False,True,{'Attack': 5000},
cic_iot_diad_2024,data\raw\cic_iot_diad_2024\Anomaly Detection - Flow Based features\Mirai\Mirai-greeth_flood27.pcap_Flow.csv,True,3961228,b5a71261e8dd42bb007dec7f68710df399f6dec9a36fecfb749e5bda81870b97,5000,84,True,False,True,{'Attack': 5000},
cic_iot_diad_2024,data\raw\cic_iot_diad_2024\Anomaly Detection - Flow Based features\Mirai\Mirai-greeth_flood28.pcap_Flow.csv,True,4474428,c739124a278226bf2428f8335c89197558cd16fe0894fc585e23b4e0473541a8,5000,84,True,False,True,{'Attack': 5000},
cic_iot_diad_2024,data\raw\cic_iot_diad_2024\Anomaly Detection - Flow Based features\Mirai\Mirai-greeth_flood3.pcap_Flow.csv,True,2342106,cc4fda4860bb727c8cbbfcfe726225b2cb6d09e7c9dcf7cb713ddc9ad8dfec76,4647,84,True,False,True,{'Attack': 4647},
cic_iot_diad_2024,data\raw\cic_iot_diad_2024\Anomaly Detection - Flow Based features\Mirai\Mirai-greeth_flood4.pcap_Flow.csv,True,4469679,86f30ca2b31eafadc1a259f796446e961eb725960f8464e7e200d368de33ccbf,5000,84,True,False,True,{'Attack': 5000},
cic_iot_diad_2024,data\raw\cic_iot_diad_2024\Anomaly Detection - Flow Based features\Mirai\Mirai-greeth_flood5.pcap_Flow.csv,True,1995038,91c63bf16fecd6114af374041a140f2133f1eea498af81688ce58aea87a789a3,3873,84,True,False,True,{'Attack': 3873},
cic_iot_diad_2024,data\raw\cic_iot_diad_2024\Anomaly Detection - Flow Based features\Mirai\Mirai-greeth_flood6.pcap_Flow.csv,True,5781554,ccf8f2e41b8d9e99bfc2b2842254a96c9e1deef9ce8dac054332d8bf694a2037,5000,84,True,False,True,{'Attack': 5000},
cic_iot_diad_2024,data\raw\cic_iot_diad_2024\Anomaly Detection - Flow Based features\Mirai\Mirai-greeth_flood7.pcap_Flow.csv,True,3877861,0df8894a496163810184389c229b0f65b7c67c0ea9a525ce397053433d9f2b9a,5000,84,True,False,True,{'Attack': 5000},
cic_iot_diad_2024,data\raw\cic_iot_diad_2024\Anomaly Detection - Flow Based features\Mirai\Mirai-greeth_flood8.pcap_Flow.csv,True,2758829,e9a9a1e38927aacf9cbee18adfaec29182c9b74f549a33d4c0f54a4e180d1a52,5000,84,True,False,True,{'Attack': 5000},
cic_iot_diad_2024,data\raw\cic_iot_diad_2024\Anomaly Detection - Flow Based features\Mirai\Mirai-greeth_flood9.pcap_Flow.csv,True,6169586,0732fa658c8eb84bd66216436dc6e0770a379f0cadd3984009a6d1d94200e37b,5000,84,True,False,True,{'Attack': 5000},
cic_iot_diad_2024,data\raw\cic_iot_diad_2024\Anomaly Detection - Flow Based features\Recon\VulnerabilityScan\VulnerabilityScan.pcap_Flow.csv,True,227366191,14b8ae797b3ff716adb360d5083e024e657cc0ddb554a6f03dfe7c399cd8e81f,5000,84,True,False,True,{'Attack': 5000},
cic_iot_diad_2024,data\raw\cic_iot_diad_2024\Anomaly Detection - Flow Based features\Spoofing\ARP Spoofing\MITM-ArpSpoofing.pcap_Flow.csv,True,38412116,383c2282b50d2b7d3d20a47a37aff3e29179e2778cb9f4016f3fb0c597e8c1c5,5000,84,True,False,True,{'Attack': 5000},
cic_iot_diad_2024,data\raw\cic_iot_diad_2024\Anomaly Detection - Flow Based features\Spoofing\ARP Spoofing\MITM-ArpSpoofing1.pcap_Flow.csv,True,4908382,d421652f4fa3fb597f916635fa4dfefb8e377cefb9f83821537105a4d5663e13,5000,84,True,False,True,{'Attack': 5000},
cic_iot_diad_2024,data\raw\cic_iot_diad_2024\Anomaly Detection - Flow Based features\Spoofing\DNS Spoofing\DNS_Spoofing.pcap_Flow.csv,True,40603302,281f7dac3df1d124ede40d560155c50bccca4050c409677b09ae47cef8c030d5,5000,84,True,False,True,{'Attack': 5000},
cic_iot_diad_2024,data\raw\cic_iot_diad_2024\Anomaly Detection - Flow Based features\Web-Based\sqlinjection\SqlInjection.pcap_Flow.csv,True,3500463,ff6a7d39350c8c2e976163ef0ccab9b2c11ce8067bf854da9bf1b02e88865c35,5000,84,True,False,True,{'Attack': 5000},
cic_iot_diad_2024,data\raw\cic_iot_diad_2024\Anomaly Detection - Flow Based features\Web-Based\Uploading_Attack\Uploading_Attack.pcap_Flow.csv,True,710764,6bc4d2888050a1e8097edd0fb811b96dd676846b9b742c7720e79f8bcdb009a9,1348,84,True,False,True,{'Attack': 1348},
cic_iot_diad_2024,data\raw\cic_iot_diad_2024\Anomaly Detection - Flow Based features\Web-Based\XSS\XSS.pcap_Flow.csv,True,1844898,e07f7698720be2dbb5366e4c48060cb398fde58ee62917b7c60db7bc12c91d22,3377,84,True,False,True,{'Attack': 3377},
unsw_nb15,data\raw\unsw_nb15\UNSW_NB15_training-set.csv,True,32293018,bec7dd5ec88dc2a0ccc7a07879d338395ed7421750f675fd0339e07dfe0648fa,5000,45,True,False,False,{'0': 5000},True
unsw_nb15,data\raw\unsw_nb15\UNSW_NB15_testing-set.csv,True,15380800,734fe6642edf758f7c94d7d9149426b49d202fe8e7bf0bef47392489c3c0a559,5000,45,True,False,False,"{'1': 4757, '0': 243}",True
